금융권,금융회사명,주소,연락처,URL
은행,한국카카오은행㈜,경기도 성남시 분당구 판교역로 231 에스동 5층,02-6288-6112,http://www.kakaobank.com
은행,BNP파리바은행,서울특별시 중구 퇴계로 100 스테이트타워 남산 24-25층 ,02-317-1700,http://www.bnpparibas.co.kr/kr/
은행,DBS은행,서울특별시 중구 세종대로 136 서울파이낸스센터 18층,02-6322-2660,http://www.dbs.com/default.page
은행,OCBC,서울특별시 중구 세종대로 136 서울파이낸스센터 25층,02-2021-3900,http://www.ocbc.com/group/group-home.html
은행,경남은행,경상남도 창원시 마산회원구 3·15대로 642,055-290-8000,http://www.knbank.co.kr/
은행,광주은행,광주시 동구 제봉로 225,062-239-5000,http://www.kjbank.com
은행,교통은행,서울특별시 중구 을지로 29 부영을지빌딩 6층,02-2022-6888,http://www.bankcomm.co.kr/
은행,국민은행,서울특별시 영등포구 국제금융로 8길 26,02-2073-7114,https://www.kbstar.com/
은행,노던트러스트컴퍼니 서울지점,"서울특별시 중구 을지로 5길 26, 이스트센터 12층",02-6222-6200,https://www.northerntrust.com
은행,노바스코셔은행,서울특별시 종로구 세종로139 동아미디어센터 16층,02-2020-2340,"http://www.scotiabank.com/global/en/0,,6179,00.html"
은행,농협은행,서울특별시 중구 통일로 120,02-2080-5114,http://banking.nonghyup.com
은행,뉴욕멜론은행,서울특별시 영등포구 국제금융로 10 원아이에프씨 29층,02-6137-0001,https://www.bnymellon.com
은행,대구은행,대구광역시 수성구 달구벌대로 2310,053-755-8760,https://www.dgb.co.kr
은행,대화은행(UOB),서울특별시 중구 세종대로 136 서울파이낸스센터 4층,02-739-3916,http://www.uobgroup.com
은행,도이치은행,"서울특별시 종로구 청계천로 41 영풍빌딩 16,18,19층",02-724-4500,http://www.db.com/korea.index.html
은행,메트로은행,서울특별시 중구 소월로 10 단암빌딩 2층,02-779-2751,http://www.metrobank.com.ph
은행,멜라트은행,"서울특별시 강남구 테헤란로 410 금강타워빌딩 13, 14층",02-2007-6700,http://en.bankmellat.ir/home.aspx
은행,모간스탠리은행,서울특별시 종로구 새문안로 68 흥국생명빌딩 23층,02-399-4848,http://www.morganstanley.com/
은행,미쓰비시도쿄UFJ은행,서울특별시 종로구 청계천로 41 영풍빌딩 4층,02-399-6400,http://www.bk.mufg.jp/english/
은행,미쓰이스미토모은행,서울특별시 중구 을지로5길 26 미래에셋센터원빌딩 서관 12층,02-6364-7000,http://www.smbcgroup.com/
은행,미즈호코퍼레이트은행,서울특별시 중구 세종대로 136 서울 파이낸스센터 19층,02-3782-8500,http://www.mizuhobank.com
은행,바덴뷔르템베르크주립은행서울지점,서울특별시 중구 세종대로 136 서울 파이낸스센터 14층,02-6730-0100,http://www.lbbw.de
은행,뱅크오브아메리카,"서울특별시 중구 세종대로 136 서울 파이낸스센터 27층, 28층",02-788-1401,http://www.bankofamerica.com/
은행,부산은행,부산광역시 남구 문현금융로 30,051-642-3300,http://www.busanbank.co.kr/
은행,소시에테제네랄은행,서울특별시 종로구 종로3길 17 D타워 23층,02-2195-7777,www.sg-structuredproducts.com
은행,수협은행,서울특별시 송파구 오금로 62(신천동 11-6),02-2240-2114,https://www.suhyup-bank.com/
은행,스테이트스트리트은행,서울특별시 중구 을지로5길 26 미래에셋 센터원빌딩 서관 31층 ,02-3706-4500,http://www.statestreet.com
은행,신한은행,서울특별시 중구 세종대로9길 20,02-756-0506,http://www.shinhan.com/
은행,아이엔지은행,서울특별시 중구 세종대로 136 서울파이낸스센터 11층,02-317-1800,https://www.ingwb.com/network-offices/asia/south-korea
은행,야마구찌은행,부산광역시 중구 중앙대로 63 4층,051-462-3281,http://yamaguchibank.dga.jp
은행,우리은행,서울특별시 중구 소공로 51,02-2002-3000,http://www.wooribank.com/
은행,웰스파고은행,서울특별시 종로구 종로3길 17 D타워 D1 21층,02-3706-3114,https://www.wellsfargo.com
은행,유바프은행,서울특별시 중구 통일로 92 ACE 타워빌딩 3층,02-3455-5300,http://www.ubaf.fr/PG/Network_Seoul.asp
은행,전북은행,전라북도 전주시 덕진구 백제대로 566,063-250-7114,http://www.jbbank.co.kr/
은행,제이피모건체이스은행,서울특별시 중구 서소문로11길 35,02-758-5500,http://www.jpmorgan.com/
은행,제주은행,제주특별자치도 제주시 오현길 90,064-720-0200,http://www.e-jejubank.com/
은행,중국건설은행,서울시 중구 명동11길 24 중국건설은행타워,02-6730-3600,http://kr.ccb.com/seoul/en/index.html
은행,중국공상은행,"서울특별시 중구 세종대로73 태평로빌딩 1,16,18층",02-755-5688,http://www.icbc.co.kr/
은행,중국농업은행,서울시 중구 세종대로 136 서울파이낸스센터 14층,02-3788-3900,http://www.kr.abchina.com/kr/default.htm
은행,중국은행,서울특별시 서린동 33번지 영풍빌딩 1~3층,02-399-6699,http://www.bank-of-china.com
은행,중소기업은행,서울특별시 중구 을지로 79,02-729-6114,http://www.ibk.co.kr
은행,크레디 아그리콜 코퍼레이트 앤 인베스트먼트 뱅크,서울특별시 종로구 종로 1 교보빌딩 21층,02-3700-9500,http://www.ca-cib.com/
은행,케이뱅크은행,"서울시 종로구 종로1길 50, 비동16층(중학동, 더케이트윈타워)",02-3210-7019,http://www.kbanknow.com
은행,크레디트스위스은행,서울특별시 중구 소공로 109 한화빌딩 14층,02-3707-3800,https://www.credit-suisse.com/kr/ko.html
은행,파키스탄국립은행,서울특별시 종로구 종로 1 교보빌딩 22층,02-732-0277,http://www.sbp.org.pk/
은행,한국산업은행,서울특별시 영등포구 은행로 14,02-787-4000,http://www.kdb.co.kr/
은행,한국스탠다드차타드은행,서울특별시 종로구 종로 47 ,02-3702-3114,http://www.standardchartered.co.kr
은행,한국씨티은행,서울특별시 중구 청계천로 24 한미은행빌딩,02-3455-2114,http://www.citibank.co.kr
은행,KEB하나은행,서울특별시 중구 을지로 35,02-2002-1111,http://www.hanabank.com/
은행,호주뉴질랜드은행,서울특별시 종로구 종로 1 교보빌딩 22층,02-3700-3100,http://www.anz.com/korea/en/Corporate/
은행,홍콩상하이은행,서울특별시 중구 칠패로 37 HSBC빌딩,02-2004-0123,https://www.hsbc.co.kr/1/2/home_ko
은행,스테이트뱅크오브인디아,서울 종로구 종로 1 교보생명빌딩 20층,02-720-9810,www.sbiseoul.com
은행,인도네시아느가라은행,서울 중구 남대문로5가 6-1 와이즈타워 8층 ,02-6386-8646,http://www.bni.co.id/en-us/globalnetworks/bniseoul.aspx
은행,중국광대은행,서울 종로구 서린동 영풍빌딩 23층,02-3788-3700,www.cebbank.com
금융투자,BNK투자증권,부산광역시 부산진구 새싹로1(부전동) 부산은행 부전동별관 4층,051-669-8080,www.bnkfn.co.kr
금융투자,DB금융투자,서울특별시 영등포구 국제금융로 8길 32 DB금융투자,02-369-3000,www.db-fi.com
금융투자,DS투자증권,서울시 영등포구 여의대로 66 KTB빌딩 3층,02-709-2300,http://www.ds-sec.co.kr/
금융투자,KTB투자증권,서울시 영등포구 여의대로 66 케이티비빌딩(여의도동),02-2184-2000,www.ktb.co.kr
금융투자,NH투자증권,서울시 영등포구 여의대로 60 NH투자증권빌딩,02-768-7000,www.nhqv.com
금융투자,SK증권,서울시 영등포구 국제금융로 8길 31(여의도동 SK증권빌딩),02-3773-8245,www.sks.co.kr
금융투자,교보증권,서울특별시 영등포구 의사당대로97 교보증권빌딩,02-3771-9000,www.iprovest.com
금융투자,대신증권,"서울시 중구 삼일대로 343(저동1가, 대신파이낸스센터)",02-769-2000,www.daishin.com
금융투자,리딩투자증권,"서울특별시 영등포구 국제금융로8길 27-8 (6층, 7층)",02-2009-7000,www.leading.co.kr
금융투자,메리츠종금증권,"서울특별시 영등포구 국제금융로 10 Three IFC 22층, 24~27층 ",02-785-6611,www.imeritz.com
금융투자,미래에셋대우,서울특별시 중구 을지로5길 26 미래에셋 센터원빌딩 이스트타워,02-768-3355,www.miraeassetdaewoo.com
금융투자,바로투자증권,"서울시 강남구 테헤란로 512(대치동 943-19, 신안빌딩) ",02-3467-0600,www.barofn.com
금융투자,부국증권,서울시 영등포구 국제금융로6길 17,02-368-9200,www.bookook.co.kr
금융투자,삼성증권,서울특별시 서초구 서초대로 74길 11,02-2020-8000,www.samsungpop.com
금융투자,상상인증권,서울특별시 강남구 테헤란로 424,02-3779-3000,www.sangsanginib.com
금융투자,신영증권,서울 영등포구 국제금융로 8길 16 신영증권빌딩,02-2004-9000,www.shinyoung.com
금융투자,신한금융투자,서울시 영등포구 여의대로 70 신한금융투자타워,02-3772-1000,www.shinhaninvest.com
금융투자,아이비케이투자증권,서울특별시 영등포구 국제금융로6길 11(여의도동),02-6915-5000,www.ibks.com
금융투자,유진투자증권,서울시 영등포구 국제금융로 24 (유진그룹빌딩),02-368-6114,www.eugenefn.com
금융투자,유화증권,서울특별시 영등포구 국제금융2길 36 유화증권빌딩,02-3770-0100,www.yhs.co.kr
금융투자,이베스트투자증권,서울특별시 영등포구 여의대로 14 KT빌딩 17층,02-3779-0100,www.ebestsec.co.kr
금융투자,케이비증권,서울특별시 영등포구 여의나루로 50 The-K타워,02-6114-0114,www.kbsec.co.kr
금융투자,케이프투자증권,서울특별시 영등포구 국제금융로2길 25 (여의도동 유수홀딩스빌딩 3층),02-6923-7000,www.capefn.com
금융투자,코리아에셋투자증권,서울 영등포구 여의나루로 57(신송센터빌딩 12층),02-550-6200,www.kasset.co.kr
금융투자,키움증권,"서울 영등포구 여의나루로4길 18 (여의도동, 키움파이낸스스퀘어)",02-3787-5000,www.kiwoom.com
금융투자,하나금융투자,서울 영등포구 의사당대로 82 (여의도동 27-3),02-3771-7114,www.hanaw.com
금융투자,하이투자증권,서울시 영등포구 여의나루로 61,02-2122-9078,www.hi-ib.com
금융투자,한국투자증권,서울특별시 영등포구 의사당대로 88,02-3276-5000,www.truefriend.com
금융투자,한국포스증권,서울시 영등포구 의사당대로 143 금융투자협회빌딩 11층,02-1644-1744,www.fosskorea.com
금융투자,한양증권,서울특별시 영등포구 국제금융로6길 7,02-3770-5000,www.hygood.co.kr
금융투자,한화투자증권,서울특별시 영등포구 여의대로 56 한화투자증권빌딩 ,02-3772-7000,www.hanwhawm.com
금융투자,현대차증권,서울특별시 영등포구 국제금융로 2길 32 ,02-3787-2114,www.hmsec.com 
금융투자,흥국증권,서울시 종로구 새문안로68 흥국생명빌딩 19층 (신문로1가),02-6742-3600,www.heungkuksec.co.kr
금융투자,노무라금융투자,서울시 중구 세종대로 136 서울파이낸스센터 17층,02-3783-2000,www.nomura.com
금융투자,다이와증권캐피탈마켓코리아,서울특별시 영등포구 여의도동 국제금융로 10 One IFC빌딩 21층,02-787-9100,www.daiwa-grp.jp
금융투자,도이치증권,서울특별시 종로구 청계천로 41 (서린동 영풍빌딩 17층),02-316-8888,www.db.com 
금융투자,맥쿼리증권,서울특별시 중구 소공로 109 (소공동 한화빌딩 3층),02-3705-8500,www.macquarie.com
금융투자,비엔피파리바증권,"서울특별시 중구 퇴계로 100 (회현동 2가) 스테이트타워 남산빌딩 24, 25층",02-2125-0500,www.bnpparibas.com
금융투자,씨엘에스에이코리아증권,서울시 영등포구 국제금융로 10번지 원아이에프씨 30층,02-397-8400,www.clsa.com
금융투자,씨티그룹글로벌마켓증권,서울특별시 중구 청계천로 24  한국씨티은행빌딩 17층,02-3705-0600,www.citigroup.com 
금융투자,유안타증권,서울특별시 중구 을지로 76 유안타증권빌딩,02-3770-2000,www.myasset.com
금융투자,초상증권,서울시 영등포구 국제금융로10 IFC3 44층,02-6292-4000,www.cmschina.com.hk
금융투자,한국스탠다드차타드증권,서울특별시 종로구 종로47,02-3703-5000,www.standardcharteredsecurities.co.kr
금융투자,한국에스지증권,서울시 종로구 종로3길 17  D타워 D1 24층,02-2195-7777,www.sgcib.com
금융투자,JP모건 서울지점,서울특별시 중구 서소문로11길 35  (정동)   제이피모간플라자,02-758-5700,www.jpmorgan.com
금융투자,골드만삭스증권 서울지점,서울시 종로구 새문안로 68 흥국생명빌딩 21층,02-3788-1000,www.goldmansachs.com
금융투자,메릴린치인터내셔날엘엘씨증권 서울지점,서울특별시 중구 세종대로 136 (무교동 서울파이낸스센터 29층),02-3707-0400,www.bankofamerica.com
금융투자,모간스탠리인터내셔날증권서울지점,서울 종로구 새문안로 68 흥국생명 빌딩 22층,02-399-4848,www.morganstanley.com
금융투자,미즈호증권 아시아리미티드 서울지점,"서울시 중구 세종대로 136, 20층(SFC)",02-2206-1800,www.mizuho-sc.com/hk
금융투자,씨지에스씨아이엠비증권 한국지점,서울시 종로구 새문안로 82 에스타워 15층,02-6730-6000,www.cimb.com
금융투자,아이엔지증권,서울시 중구 세종대로 136 서울파이낸스센터 11층,02-317-8900,www.ing.com
금융투자,유비에스증권 리미티드 서울지점,서울시 중구 세종대로 136 서울파이낸스센터 22층,02-3702-8888,www.ubs.com
금융투자,크레디아그리콜 아시아증권,서울시 종로구 종로1 교보빌딩 21층,02-3700-3500,www.ca-cib.com
금융투자,크레디트스위스증권 서울지점,서울시 중구 소공로 109 한화빌딩 13층,02-3707-3700,www.credit-suisse.com
금융투자,홍콩상하이증권 서울지점,서울시 중구 칠패로 37 HSBC빌딩 7층,02-3706-8700,www.hsbc.com
금융투자,케이알투자증권,서울시 영등포구 여의나루로57 신송센터빌딩 14층,02-2168-7400,www.krsec.co.kr
금융투자,BNK자산운용,서울 영등포구 국제금융로2길 24 삼성생명 여의도빌딩 5층,02-6910-1100,www.bnkasset.co.kr/
금융투자,DB자산운용,서울 영등포구 여의대로 24 전경련회관 41층,02-787-3700,www.db-asset.co.kr
금융투자,KB자산운용,서울특별시 영등포구 국제금융로 10 Three IFC 41층,02-2167-8200,www.kbam.co.kr
금융투자,KTB자산운용,"서울시 영등포구 여의대로 66, KTB빌딩 13층",02-788-8400,www.i-ktb.com
금융투자,골든브릿지자산운용,서울시 서대문구 충정로 50 골든브릿지빌딩 5층,02-360-9500,www.gbam.co.kr
금융투자,교보악사자산운용,서울 종로구 종로 1 교보생명빌딩 15층,02-767-9600,www.kyoboaxa-im.co.kr
금융투자,대신자산운용,"서울특별시 중구 명동 11길 24, 중국건설은행타워",02-769-3280,asset.daishin.com
금융투자,디지비자산운용,서울특별시 영등포구 의사당대로 97 교보증권빌딩 14층,02-707-4200,www.dgbam.com
금융투자,리치먼드자산운용,서울시 영등포구 63로 50 63빌딩 19층,02-6276-3000,www.richmondam.com
금융투자,마이다스에셋자산운용,서울특별시 종로구 경희궁길 20,02-3787-3500,www.midasasset.co.kr
금융투자,맥쿼리투자신탁운용,서울특별시 영등포구 국제금융로 10(여의도동 원아이에프씨 20층),02-3703-9800,www.macquarie.co.kr/mgl/kr/mim
금융투자,멀티에셋자산운용,서울시 영등포구 국제금융로 56 미래에셋대우빌딩 16층,02-3774-8000,multiasset.miraeasset.com
금융투자,메리츠자산운용,서울특별시 종로구 북촌로 104(계동 계동빌딩),1588-5533,www.meritzam.com
금융투자,미래에셋자산운용,"서울시 종로구 종로33, Tower1 13층",1577-1640,investments.miraeasset.com
금융투자,브레인자산운용,서울특별시 영등포구 여의대로 70 26층(여의도동 신한금융투자타워),02-6277-5000,www.brainib.com
금융투자,삼성에스알에이자산운용,서울 서초구 서초대로 74길 4 삼성생명 서초타워 16층,02-310-2500,www.samsungsra.com
금융투자,삼성자산운용,서울 서초구 서초대로 74길 11 삼성자산운용 16-18층,02-3774-7600,www.samsungfund.com
금융투자,신영자산운용,"서울특별시 영등포구 국제금융로8길 6 신영빌딩 6,7층",02-6711-7500,www.syfund.co.kr
금융투자,신한비엔피파리바자산운용,서울 영등포구 여의대로 70 신한금융투자타워 18층,02-767-5777,www.shbnppam.com
금융투자,아이비케이자산운용,서울특별시 영등포구 은행로30(여의도동 중소기업중앙회 신관11층),02-727-8800,www.ibkasset.com
금융투자,안다자산운용,서울시 강남구 도산대로 318 9층 (논현동 SB타워),02-2156-2800,www.andaasset.com
금융투자,알파에셋자산운용,"서울시 영등포구 국제금융로 8길25 (여의도동, 주택건설회관 3층)",02-769-7600,www.alphasset.com
금융투자,에셋원자산운용,서울시 영등포구 의사당대로 82 하나금융투자빌딩 6층,02-6353-7303,www.assetonekorea.com
금융투자,에셋플러스자산운용,경기도 성남시 분당구 판교역로192번길 14(삼평동리치투게더센터),02-501-7707,www.assetplus.co.kr
금융투자,에이치디씨자산운용,"서울시 영등포구 국제금융로8길 11, 대영빌딩 2층(여의도동)",02-3215-3000,www.hdcasset.com
금융투자,엔에이치아문디자산운용 ,서울특별시 영등포구 국제금융로8길 2 농협재단빌딩 10층,02-368-3600,www.nh-amundi.com/
금융투자,엠플러스자산운용,"서울특별시 강남구 남부순환로 2806, 군인공제회관 22층",02-6007-4700,www.mplusasset.co.kr
금융투자,우리자산운용,서울시 영등포구 국제금융로2길 32 여의도파이낸스타워 6/7층,02-3770-1300,https://www.wooriam.kr/
금융투자,유리자산운용,서울시 영등포구 국제금융로 6길 17번 부국증권빌딩 9층,02-2168-7900,www.yurieasset.co.kr
금융투자,유진자산운용,서울특별시 영등포구 국제금융로2길 24 삼성생명 여의도빌딩 12층,02-2129-3300,www.fund.eugenefn.com
금융투자,이지스자산운용,서울시 영등포구 여의공원로 115 세우빌딩 14층,02-6959-3100,www.igisam.com
금융투자,제이비자산운용,전라북도 전주시 덕진구 백제대로 566전북은행빌딩,02-3782-5000,www.jbam.co.kr
금융투자,칸서스자산운용,"서울특별시 영등포구 국제금융로8길 31, SK증권빌딩 10층",02-2077-5000,www.consus.co.kr
금융투자,코람코자산운용,"서울특별시 강남구 삼성로 511 1층, 2층(삼성동 골든타워)",02-787-0101,www.koramcofund.co.kr
금융투자,키움투자자산운용,서울시 영등포구 여의나루로4길 18,02-789-0300,www.kiwoomam.com
금융투자,트러스톤자산운용,서울특별시 성동구 뚝섬로1길 10,02-6308-0500,www.trustonasset.com
금융투자,플러스자산운용,서울특별시 영등포구 국제금융로 10 Three IFC 36층,02-3787-2700,www.plusasset.com
금융투자,하나유비에스자산운용,"서울 영등포구 의사당대로 82, 15층 (여의도동)",02-3771-7800,www.ubs-hana.com
금융투자,하우자산운용,"서울특별시 강남구 테헤란로 223, 18층 (삼성동)",02-2050-4700,www.howasset.com
금융투자,하이자산운용,"서울시 영등포구 여의나루로 61 하이투자증권빌딩 11, 12층",02-727-2700,www.hi-am.com
금융투자,한국투자밸류자산운용,"서울시 영등포구 여의대로 70, 신한금융투자타워 24층",02-6978-6300,www.koreavalueasset.com
금융투자,한국투자신탁운용,서울특별시 영등포구 의사당대로 88,02-3276-4700,www.kim.co.kr
금융투자,한화자산운용,서울시 영등포구 63로 50 한화금융센터 40~52층,02-6950-0000,www.hanwhafund.co.kr
금융투자,현대인베스트먼트자산운용,서울특별시 영등포구 국제금융로8길 16 신영증권빌딩 10층,02-6276-7000,www.hdfund.co.kr
금융투자,현대자산운용,"서울시 영등포구 은행로30, 6층 (여의도동, 중소기업중앙회신관)",02-2090-0500,www.hyundaiam.com
금융투자,흥국자산운용,서울 종로구 새문안로 68 흥국생명빌딩 19층,02-2122-2800,www.hkfund.co.kr
금융투자,NH선물,"서울시 영등포구 국제금융로8길 2 농협문화복지재단 빌딩 16층, 17층 ",02-3774-0300,www.futures.co.kr
금융투자,삼성선물,서울시 서초구 서초대로 74길 4 (서초동) 삼성생명 서초타워 33층,02-3707-3699,www.ssfutures.com
금융투자,한국증권금융,서울시 영등포구 국제금융로8길 10,02-3770-8800,www.ksfc.co.kr
금융투자,강동농업협동조합,서울특별시 강동구 구천면로 331,02-442-5070,http://kdnh.nonghyup.com/
금융투자,관악농업협동조합,서울시 금천구 남부순환로 1366,02-862-5885,kanh.nonghyup.com 
금융투자,광주비아농업협동조합,광주광역시 광산구 장신로 153 (수완동),062-953-9085,http://bia.nonghyup.com 
금융투자,남동농업협동조합,인천시 남동구 장승로 28(만수동),032-460-6780,nd.nonghyup.com 
금융투자,남서울농업협동조합,서울시 서초구 바우뫼로 195 (양재동 5-10),02-575-1521,http://nsw.nonghyup.com/
금융투자,남인천농업협동조합,인천광역시 연수구 한나루로 188 (옥련동),032-830-9100,nicac.nonghyup.com 
금융투자,대구축협,대구시 동구 동북로 296,053-957-9901,803.co.kr
금융투자,도드람양돈협동조합,경기도 이천시 부발읍 경충대로 1931,031-636-0716,http://home.dodram.com
금융투자,동창원농업협동조합,경남 창원시 의창구 읍성로 27,055-294-5373,http://dongchangwon.nonghyup.com
금융투자,부경양돈협동조합,경남 김해시 김해대로 2355번길 34,055-333-5670,http://www.pkpork.co.kr
금융투자,부평농업협동조합,인천광역시 부평구 길주로 597,032-500-2500,http://bpnh.nonghyup.com
금융투자,북서울농협,서울시 도봉구 해등로 166,02-908-2011,bukseoul.nonghyup.com
금융투자,서대전농업협동조합,대전광역시 중구 계백로 1573,042-522-2051,http://sdj.nonghyup.com
금융투자,서부농업협동조합,대전광역시 서구 문정로2번길 137,042-488-8101,http://daejeonseobu.nonghyup.com
금융투자,서울경기양돈축산업협동조합,서울특별시 강동구 상암로 92,02-488-9185,http://skypig.co.kr
금융투자,송파농업협동조합,"서울특별시 송파구 송파대로 155 (문정동, NH송파농협) 송파농업협동조합",02-409-2201,songpa.nonghyup.com
금융투자,순천농협,전라남도 순천시 백연길 111,061-743-3583,farmerbank.nonghyup.com
금융투자,양주축산업협동조합,경기도 의정부시 시민로 25,"031-877-9451~6,8",http://ynlc.nonghyup.com
금융투자,여수농업협동조합,전남 여수시 좌수영로 355,061-653-6040,http://yeosu.nonghyup.com
금융투자,영등포농업협동조합,서울시 영등포구 도신로 194,02-831-0761,http://ydp.nonghyupi.com
금융투자,유성농업협동조합,대전광역시 유성구 계룡로52번길10 ,042-822-1958,http://yuseong.nonghyup.com
금융투자,일산농업협동조합,경기도 고양시 일산서구 일청로 30,031-975-8061,http://ilsan.nonghyup.com
금융투자,정읍농업협동조합,전북 정읍시 연지동 명덕로 25,063-530-5500,http://jeongeup.nonghyup.com
금융투자,중앙농업협동조합,서울 광진구 뚝섬로 639,02-3437-9140,http://sjanh.nonghyup.com
금융투자,천안농협,충청남도 천안시 동남구 대흥로 277,041-568-1783,canh.nonghyup.com
금융투자,청주농업협동조합,충북 청주시 상당구 1순환로 1265,043-294-1101,http://cheongjunh.nonghyup.com
금융투자,청주축산업협동조합,충북 청주시 청원구 우암동 378-7,043-256-5575,http://cjch.nonghyup.com
금융투자,파주연천축산업협동조합,경기도 파주시 문화로 90 ,031-944-2425,www.pylsc.co.kr
금융투자,가산농업협동조합,경기 포천시 가산면 선마로 233,031-544-0100,gasan.nonghyup.com
금융투자,강릉농업협동조합,강원 강릉시 율곡로 2792,033-640-9200,kr.nonghyup.com
금융투자,김해축산업협동조합,경남 김해시 분성로 308번길 18,055-337-5711,gayagogi.nonghyup.com
금융투자,반월농업협동조합,안산시 상록구 건건로 37,031-437-0017,banwol.nonghyup.com
금융투자,여천농업협동조합,전남 여수시 학동1길 19,061-683-5131,yeocheon.nonghyup.com
금융투자,인천원예농업협동조합,인천광역시 동구 샛골로 174,032-761-2201,icwynh.nonghyupi.com
금융투자,장유농업협동조합,경남 김해시 장유로 301번길 2,055-314-8800,jangyunh.nonghyup.com
금융투자,진해농업협동조합,경남 창원시 진해구 진해대로 776번길 28,055-542-9101,jinhae.nonghyup.com
종금,우리종합금융,광주광역시 동구 금남로 182 (금남로5가),062-221-6600,www.wooriib.com 
생명보험,교보라이프플래닛생명보험주식회사,서울특별시 영등포구 국제금융로 6길 11삼덕빌딩 8층,1566-0999,https://www.lifeplanet.co.kr
생명보험,교보생명보험주식회사,서울특별시 종로구 종로1(종로1가),1588-1001,http://www.kyobo.co.kr/
생명보험,농협생명보험주식회사,서울특별시 서대문구 통일로 87,1544-4000,http://www.nhlife.co.kr/
생명보험,DB생명보험(주),서울특별시 강남구 테헤란로 432 DB금융센터7층,1588-3131,https://www.idblife.com/
생명보험,동양생명보험주식회사,서울특별시 종로구 종로33(청진동) 그랑서울,1577-1004,http://www.myangel.co.kr
생명보험,라이나생명보험(주),서울시 종로구 삼봉로 48번지 시그나타워,1588-0058,http://www.lina.co.kr/
생명보험,메트라이프생명보험(주),서울특별시 강남구 테헤란로 316(메트라이프 타워),1588-9600,http://www.metlife.co.kr
생명보험,미래에셋생명보험주식회사,서울특별시 영등포구 국제금융로 56,1588-0220,http://life.miraeasset.com/
생명보험,비엔피파리바카디프생명보험주식회사,서울특별시 중구 후암로 110 (남대문로 5가),1688-1118,http://www.cardif.co.kr
생명보험,삼성생명보험주식회사,서울특별시 서초구 서초대로74길 11,1588-3114,http://www.samsunglife.com
생명보험,신한생명보험주식회사,"서울특별시 중구 삼일대로 358(을지로2가, 신한L Tower 2층)",1588-5580,http://www.shinhanlife.co.kr
생명보험,아이비케이연금보험주식회사,"서울특별시 중구 칠패로 37(봉래동 1가, HSBC빌딩)",1577-4117,http://www.ibki.co.kr
생명보험,ABL생명보험 주식회사,서울특별시 영등포구 의사당대로 147 (ABL타워),1588-6500,http://www.abllife.co.kr
생명보험,처브라이프생명보험 주식회사,서울시 강남구 삼성로 511(삼성동) 골든타워 5-6층 ,1599-4600,http://www.chubblife.co.kr
생명보험,AIA생명보험 주식회사,서울특별시 중구 통일로 2길 16 (순화동 216) AIA 타워,1588-9898,http://www.aia.co.kr
생명보험,DGB생명보험 주식회사,서울특별시 중구 남대문로 125(다동85),1588-4770,http://www.dgbfnlife.com
생명보험,케이디비생명보험주식회사,서울특별시 용산구 한강대로 372(KDB생명타워),1588-4040,http://www.kdblife.co.kr/
생명보험,케이비생명보험주식회사,"서울특별시 영등포구 국제금융로 2길 28 KB금융타워 2층, 15~20층",1588-9922,http://www.kbli.co.kr
생명보험,푸르덴셜생명보험 주식회사,서울특별시 강남구 강남대로 298 (푸르덴셜 타워),1588-3374,http://www.prudential.co.kr/
생명보험,하나생명보험주식회사,서울특별시 중구 을지로 66,02-3709-7304,http://www.hanalife.co.kr
생명보험,한화생명보험주식회사,서울특별시 영등포구 63로 50,1588-6363,http://www.hanwhalife.com/
생명보험,푸본현대생명주식회사,서울특별시 영등포구 여의나루로 57 푸본현대생명,1577-3311,http://www.hyundailife.com/
생명보험,흥국생명보험주식회사,서울특별시 종로구 새문안로 68(신문로 1가),1588-2288,http://www.heungkuklife.co.kr 
생명보험,오렌지생명보험주식회사,"서울특별시 중구 세종대로 7길 37 (순화동, ING센터)",1588-5005,http://www.inglife.co.kr
손해보험,AIG 손해보험주식회사,서울특별시 영등포구 국제금융로 10 국제금융센터 Two IFC 27층,02-2260-6800,http://www.aig.co.kr
손해보험,농협손해보험 주식회사,서울특별시 서대문구 충정로 60 ,1644-9000,http://www.nhfire.co.kr
손해보험,다스법률비용보험주식회사,서울시 테헤란로 507 13층,02-3448-1816,http://www.das.co.kr
손해보험,더케이손해보험주식회사,"서울특별시 종로구 창경궁로 117(인의동,더케이손해보험빌딩)",02-6670-8100,http://www.educar.co.kr/
손해보험,DB손해보험주식회사,"서울특별시 강남구 테헤란로 432(대치동, DB금융센터)",1588-0100,http://www.idbins.com
손해보험,롯데손해보험주식회사,"서울특별시 중구 소월로 3 (남창동, 롯데손해보험빌딩)",02-3455-3114,http://www.lotteins.co.kr
손해보험,메리츠화재해상보험㈜,서울시 강남구 강남대로 382 메리츠타워,02-3786-2114,http://www.meritzfire.com
손해보험,미쓰이스미토모해상화재보험㈜ 한국지점,"서울특별시 중구 을지로5길 26 (수하동,미래에셋센터원 서관 18층)",02-3702-5800,http://www.ms-ins.co.kr/
손해보험,삼성화재해상보험주식회사,서울특별시 서초구 서초대로74길 14,1588-5114,http://www.samsungfire.com/
손해보험,서울보증보험㈜,서울특별시 종로구 김상옥로 29,1670-7000,http://www.sgic.co.kr/
손해보험,악사손해보험㈜,서울시 용산구 한강대로 71길 4  한진중공업빌딩 11층,02-3479-4924,http://www.axa.co.kr
손해보험,비앤피파리바카디프손해보험주식회사,서울특별시 중구 삼일대로 358 신한L타워 7층,1544-2580,http://www.cardifcare.co.kr/
손해보험,에이스아메리칸화재해상보험주식회사 한국지점,서울특별시 종로구 종로1길 50 더케이트윈타워 B동 7층,02-2127-2400,http://www.chubb.com/kr
손해보험,㈜케이비손해보험,서울특별시 강남구 테헤란로 117 KB손해보험빌딩 ,1544-0114,http://www.kbinsure.co.kr
손해보험,엠지손해보험주식회사,"서울특별시 강남구 테헤란로 335(역삼동, MG손해보험빌딩)",02-3788-2000,http://www.mggeneralins.com/
손해보험,퍼스트어메리칸권원보험(주)한국지점,서울시 마포구 마포대로4다길 41(마포동) 마포타워14층,02-3144-2460,http://www.firstam.co.kr
손해보험,한화손해보험주식회사,서울특별시 영등포구 여의대로 56(여의도동),1566-8000,http://www.hwgeneralins.com/
손해보험,현대해상화재보험주식회사,"서울특별시 종로구 세종대로 163, 현대해상빌딩(세종로)",1588-5656,http://www.hi.co.kr/
손해보험,흥국화재해상보험주식회사,서울특별시 종로구 새문안로 68(신문로1가),02-2002-6000,http://www.heungkukfire.co.kr/
손해보험,알리안츠글로벌코퍼레이트앤스페셜티에스이 한국지점,서울특별시 중구 세종대로 136 서울파이낸스센터 22,02-6940-4702,http://www.agcs.allianz.com/ko/global-offices/agcs-south-korea/
손해보험,캐롯손해보험주식회사,서울 중구 을지로 100 파인에비뉴 B동 20층,1566-0300,http://www.carrotins.com
저축은행,저축은행중앙회,서울특별시 마포구 마포대로 163 11~13층,02-3978-600,http://www.fsb.or.kr/
저축은행,주식회사 신한저축은행,서울시 중구 청계천로 54,1644-7777,www.shinhansavings.com
저축은행,웰컴저축은행 주식회사,서울시 구로구 디지털로 300(지밸리비즈플라자),02-1661-0001,www.welcomebank.co.kr
저축은행,(주)오케이저축은행,서울 중구 세종대로 39 10층,02  -6206-0300,http://www.oksavingsbank.com
저축은행,제이티저축은행,경기 성남시 분당구 황새울로 324 (서현동),02-1688-8877,www.jt-bank.co.kr
저축은행,(주)애큐온저축은행,서울시 강남구 선릉로 514 성원타워,1588-6161,http://www.acuonsb.co.kr
저축은행,오에스비저축은행,서울특별시 서초구 서초중앙로 203,1644-0052,www.osb.co.kr
저축은행,(주)디비저축은행,서울시 중구 남대문로 113,3705-1700,www.idbsb.com
저축은행,(주)스카이저축은행,서울 강남구 학동로 103 3층 (논현동스카이저축은행),02  -3485-4100,www.skysb.co.kr
저축은행,(주)민국저축은행,서울시 중구 퇴계로234,02  -2271-0071,www.mkb.co.kr
저축은행,푸른상호저축은행,서울 서초구 강남대로 581,02-545-9000,www.prsb.co.kr
저축은행,(주)라이브저축은행,서울 강남구 언주로702 2층 10층,1833-8889,www.livesb.co.kr
저축은행,(주)키움예스저축은행,서울 강남구 논현로 422 (역삼2동),02  -558 -2501,http://www.kiwoomyesbank.com
저축은행,더케이저축은행(주),서울 강남구 테헤란로 323 (역삼동 702-23),02  -569 -5600,www.thekbank.co.kr
저축은행,조은저축은행,서울특별시 강남구 강남대로 574 2~3층,02-2260-0700,www.choeunbank.com
저축은행,(주)SBI저축은행,서울특별시 중구 을지로5길 26 9층 10층 11층(미래에셋센터원빌딩 동관),02-1566-2210,http://www.sbisb.co.kr
저축은행,㈜바로저축은행,서울시 강남구 대치동 943-19,02-3467-0100,www.barosb.com
저축은행,(주)유진저축은행,서울 강남구 선릉로 652(삼성동),02-1544-6700,www.eugenebank.com
저축은행,유안타저축은행(주),서울 강남구 강남대로 542 (논현동영풍빌딩),02-6022-3700,www.yuantasavings.co.kr
저축은행,(주)고려저축은행,부산 동구 중앙대로 449 (좌천동 520-1),051 -1877-9900,www.goryosb.co.kr
저축은행,(주)국제저축은행,부산 부산진구 중앙대로 612 (범천1동),051 -636 -2121,www.kukjebank.co.kr
저축은행,(주)DH저축은행,부산 연제구 중앙대로 1079 (연산동장천빌딩),051 -867 -7701,www.dhsavingsbank.co.kr
저축은행,(주)흥국저축은행,부산 연제구 중앙대로 1076 (연산동),051-925-2100,www.hkbanking.co.kr
저축은행,우리저축은행,부산 부산진구 중앙대로 723 (부전동),051 -811 -9400,http://www.wooleebank.co.kr
저축은행,(주)인성저축은행,인천 남구 경인로 339,032 -865 -3911,www.insungsavingsbank.co.kr
저축은행,(주)금화저축은행,인천 부평구 부흥로 307 (부평4동),032 -526 -6000,kuemhwabank.co.kr
저축은행,(주)인천저축은행,인천 미추홀구 경인로 473 (주안6동),032-421-2111,www.incheonbank.com
저축은행,(주)모아저축은행,인천시 미추홀구 경인로 406 (주안4동),032 -430 -3300,www.moasb.co.kr
저축은행,(주)대백저축은행,대구 수성구 달구벌대로 2382-1 (범어1동),053-742-3301,http://www.debecbank.co.kr
저축은행,(주)유니온저축은행,대구 중구 달구벌대로 2210,053 -256 -4000,www.kusb.co.kr
저축은행,엠에스상호저축은행,대구 수성구 달구벌대로 2532,053 -756 -5200,www.mssb.co.kr
저축은행,(주)안국저축은행,경기 파주시 금정20길 22,031 - 941 - 7271,www.angukbank.co.kr
저축은행,남양저축은행,경기 구리시 검배로 10 (수택동),031 -566 -3300,www.nybank.co.kr
저축은행,(주)부림저축은행,경기 안양시 만안구 장내로 124 부림저축은행(안양동),031 -443 -3800,www.bulimbank.co.kr
저축은행,(주)키움저축은행,경기 부천시 부천로 157 (춘의동),1670-0077,www.kiwoombank.com
저축은행,(주)삼정저축은행,경기 하남시 신장로 146(덕풍동),031 -791 -6411,www.samjungsavingsbank.co.kr
저축은행,(주)평택상호저축은행,경기 평택시 평택1로 23 (평택동),031 -659 -3300,http://www.ptbank.co.kr
저축은행,(주)안양저축은행,경기 안양시 만안구 안양1동 622-218,031-463-7816,www.anyangbank.co.kr
저축은행,(자)영진상호저축은행,경기 부천시 부일로 472,032 -651 -2121,www.yjbank.co.kr
저축은행,융창저축은행,경기 광명시 철산로 5  1층 (철산3동융창빌딩),02-2685-0001,www.ycbank.co.kr www.ycsavingsbank.co.kr
저축은행,세람저축은행,경기 이천시 중리천로 50 (중리동),031 -633 -6781,www.serambank.co.kr
저축은행,페퍼저축은행,경기도 성남시 분당구 분당로 55,1599-0722,www.pepperbank.kr
저축은행,상상인저축은행,경기 성남시 분당구 황새울로 358(서현동),031 -698 -8200,www.sangsanginsb.com
저축은행,(주)한화저축은행,경기 부천시 부천로 139 한화저축은행,032 -657 -5000,http://www.hanwhasbank.com
저축은행,㈜씨케이저축은행,강원 춘천시 금강로 40 (낙원동씨케이저축은행),033 -252 -8411,http://www.cksavingsbank.co.kr
저축은행,(주)대명상호저축은행,충북 제천시 의림대로 137(중앙로2가),043 -640 -5000,www.daemyungbank.co.kr
저축은행,아주저축은행,충북 청주시 상당구 남사로 135(남문로2가),043 -279 -9100,www.ajusavingsbank.co.kr
저축은행,(주)청주저축은행,충북 청주시 상당구 사직대로350번길 53 (서문동),043 -256 -9114,www.cheongjubank.com
저축은행,(주)한성저축은행,충북 옥천군 옥천읍 중앙로 32,043 -730 -0500,www.hansungbank.co.kr
저축은행,(주)상상인플러스저축은행,충남 천안시 서북구 불당21로 67-12 2층 (불당동 퍼스트프라자),1600-2100,www.sangsanginplussb.com
저축은행,(주)아산저축은행,충남 아산시 시민로 381 (온천동),041 -537 -9000,asanbank.co.kr
저축은행,(주)오투저축은행,대전 서구 둔산남로 103 (둔산동 2층),1661-0022,www.o2banking.com
저축은행,스타저축은행,전북 전주시 덕진구 팔달로 320,063 -277 -1311,www.estarbank.co.kr
저축은행,(주)대한저축은행,광주 북구 금남로 128 (누문동),062 -527 -5701,www.daehanbank.co.kr
저축은행,(주)동양저축은행,광주 동구 중앙로 198 동양저축은행 (금남로3가),062 -720 -0800,http://www.dysbank.com
저축은행,(주)더블저축은행,광주 동구 중앙로 165 (충장로4가),062 -223 -5506,www.doublebank.co.kr
저축은행,(주)센트럴저축은행,광주 동구 금남로 167 (금남로5가),062 -224 -4010,http://www.centralbank.co.kr
저축은행,(주)스마트저축은행,광주광역시 동구 중앙로 199(금남로4가),062 -223 -2131,www.smartbank.co.kr
저축은행,(주)한국투자저축은행,경기 성남시 분당구 서현동 184,1577-6333,www.kisb.co.kr
저축은행,(주)라온저축은행,경북 구미시 역전로 18,054 -452 -1101,www.raonsb.co.kr
저축은행,드림저축은행,대구 중구 국채보상로 645 (동인동2가),053 -663 -5000,www.dreamsb.com
저축은행,(주)대아상호저축은행,경북 포항시 북구 중흥로 321 (죽도동),054 -274 -4111,www.daeabank.com
저축은행,머스트삼일저축은행,경북 포항시 북구 장량로 154 (양덕동),054 -275 -4060,HTTP://SAMILBANK.CO.KR
저축은행,(주)참저축은행,대구 수성구 달구벌대로 2421 (범어동참저축은행),053 -720 -7300,www.charmbank.co.kr
저축은행,(주)오성상호저축은행,경북 구미시 역전로 8 (원평동),054 -452 -7861,www.osungbank.co.kr
저축은행,대원상호저축은행,경북 경주시 북문로 126 (성동동),054 -773 -2222,http://www.d-banks.co.kr
저축은행,(주)에스앤티저축은행,경남 창원시 성산구 중앙대로 85 1층 (중앙동리제스타워),055 -222 -8100,www.hisntm.com
저축은행,(주)솔브레인저축은행,부산 연제구 중앙대로 1094 (연산동),051 -861 -8600,http://www.soulbrainsb.co.kr
저축은행,(주)동원제일저축은행,경남 양산시 중앙우회로 144 동원제일저축은행 (북부동),1544-8811,http://www.dongwonjeilbank.kr
저축은행,(주)조흥저축은행,경남 통영시 항남5길 9 (항남동),055 -645 -4411,www.chbank.net
저축은행,(주)진주저축은행,경남 진주시 진양호로 532 (동성동),055 -740 -0100,http://www.jinjubank.net
저축은행,(주)예가람저축은행,서울 강남구 테헤란로 419 (삼성동삼성금융프라자),02-6906-7001,www.yegaramsb.co.kr
저축은행,(주)삼호저축은행,전북 전주시 완산구 현무2길 70,063 -900 -2000,http://www.samhosb.co.kr
저축은행,NH저축은행(주),서울특별시 강남구 역삼동 테헤란로 317 동훈타워 2~3층,1588-5191,http://www.nhsavingsbank.co.kr/
저축은행,대신저축은행,서울시 중구 삼일대로 343 대신파이낸스세터 17F,02-519-5000,bank.daishin.com
저축은행,(주)IBK저축은행,부산 부산진구 중앙대로 735 (부전동),051 -791 -4300,www.ibksb.co.kr
저축은행,주식회사 비엔케이저축은행,부산광역시 동구 범일로 92 2-3층,1644-9988,www.bnksb.com
저축은행,(주)케이비저축은행,서울시 송파구 송파대로 260,02-2146-8201,www.kbsavings.com
저축은행,(주)하나저축은행,서울시 강남구 테헤란로 127 하나금융그룹 16층,1899-1122,http://www.hanasavings.com
저축은행,제이티친애저축은행 주식회사,서울특별시 강남구 테헤란로 317,02-1544-9191,http://www.jtchinae-bank.co.kr
